{
	"class_name" : "PinholeCameraParameters",
	"extrinsic" : 
	[
		0.2280055679663533,
		-0.3120054347626432,
		0.9223156019795582,
		0.0,
		-0.97252179890299539,
		-0.11876416182819569,
		0.20024091620777251,
		0.0,
		0.0470617852914939,
		-0.94262807222351508,
		-0.33051097685456254,
		0.0,
		1.0060319553231878,
		-0.61147079054358278,
		9.292523453557747,
		1.0
	],
	"intrinsic" : 
	{
		"height" : 600,
		"intrinsic_matrix" : 
		[
			519.6152422706632,
			0.0,
			0.0,
			0.0,
			519.6152422706632,
			0.0,
			399.5,
			299.5,
			1.0
		],
		"width" : 800
	},
	"version_major" : 1,
	"version_minor" : 0
}